Pierre,Dos,10
Paul,Brasse,13
Léa,Crawl,6
Léa,Brasse,8
Pierre,Dos,10
Paul,Brasse,13
Léa,Crawl,6
Léa,Brasse,8
Pierre,Dos,10
Paul,Brasse,13
Léa,Crawl,6
Léa,Brasse,8
Pierre,Dos,10
Paul,Brasse,13
Léa,Crawl,6
Léa,Brasse,8
Musa,crawl,23
Leo ,caca,40
musa,crawl,l
musa,dos,4838
Pierre,Dos,10
Paul,Brasse,13
Léa,Crawl,6
Léa,Brasse,8
Pierre,Dos,10
Paul,Brasse,13
Léa,Crawl,6
Léa,Brasse,8
Pierre,Dos,10
Paul,Brasse,13
Léa,Crawl,6
Léa,Brasse,8
Pierre,Dos,10
Paul,Brasse,13
Léa,Crawl,6
Léa,Brasse,8
Musa,crawl,23
Leo ,caca,40
musa,crawl,l
musa,dos,4838
Leo,crawl,3738
